path,detector,d_num,f_mean,r_min,r_max,r_mean,r_std
data_output/image_patches_from_25_test_photos/train/**,SIFT,2500,175.4284,0.013333355076611042,0.10426868498325348,0.02299533166649697,0.009693387355200945
data_output/image_patches_from_25_test_photos/train/**,BRISK,2500,114.3248,21.45421600341797,185.091064453125,44.33059540428631,14.933490251371701
data_output/image_patches_from_25_test_photos/train/**,ORB,2500,382.6776,-0.00035552860936149955,0.0034382911399006844,3.396522571386558e-05,7.49690630504957e-05
data_output/image_patches_from_25_test_photos/train/**,AKAZE,2500,40.264,0.0010000006295740604,0.03644745796918869,0.002586187584610499,0.002172038671775214
