path,detector,d_num,f_mean,r_min,r_max,r_mean,r_std
data_output/image_patches_from_25_test_photos/train/KE_bull/KE_bull_fe57f35e-27a7-4e06-a8c0-eb823044460a.jpg,SIFT,1,82,0.013419083319604397,0.05519597604870796,0.021558635470616382,0.00936281854865344
data_output/image_patches_from_25_test_photos/train/KE_bull/KE_bull_fe57f35e-27a7-4e06-a8c0-eb823044460a.jpg,BRISK,1,29,30.667160034179688,94.6201400756836,48.983937230603445,16.3129304694507
data_output/image_patches_from_25_test_photos/train/KE_bull/KE_bull_fe57f35e-27a7-4e06-a8c0-eb823044460a.jpg,ORB,1,79,1.5066357264004182e-06,0.0001714605459710583,3.3244532320640234e-05,4.211794662623555e-05
data_output/image_patches_from_25_test_photos/train/KE_bull/KE_bull_fe57f35e-27a7-4e06-a8c0-eb823044460a.jpg,AKAZE,1,15,0.0010527920676395297,0.014755836687982082,0.0034225206356495617,0.0036078795112504166
data_output/image_patches_from_25_test_photos/train/KE_bull/**,SIFT,1,82.0,0.013419083319604397,0.05519597604870796,0.021558635470616382,0.00936281854865344
data_output/image_patches_from_25_test_photos/train/KE_bull/**,BRISK,1,29.0,30.667160034179688,94.6201400756836,48.983937230603445,16.3129304694507
data_output/image_patches_from_25_test_photos/train/KE_bull/**,ORB,1,79.0,1.5066357264004182e-06,0.0001714605459710583,3.3244532320640234e-05,4.211794662623555e-05
data_output/image_patches_from_25_test_photos/train/KE_bull/**,AKAZE,1,15.0,0.0010527920676395297,0.014755836687982082,0.0034225206356495617,0.0036078795112504166
